method,run_id,seed,iteration,sequence,oracle_score,surrogate_score,min_hamming_distance,dataset
smw,1,43,0,GGTACATC,0.4331216812133789,0.4079095907509327,0,tfbind8
smw,9,51,0,TCATGTGG,0.41249537467956543,0.4042380939424038,0,tfbind8
smw,9,51,1,TCATGTGT,0.5160186290740967,0.4058316016942263,1,tfbind8
smw,9,51,2,TCATGTTT,0.717715322971344,0.42284418277442454,1,tfbind8
smw,3,45,0,CTGTCAAC,0.4010534882545471,0.3825756148993969,0,tfbind8
smw,3,45,2,CTGTTAAC,0.44330596923828125,0.3893247235636227,1,tfbind8
smw,3,45,3,CTGTTACC,0.326217383146286,0.3936056836694479,1,tfbind8
smw,8,50,0,ACCAGTTG,0.4106605350971222,0.4036264578253031,0,tfbind8
smw,4,46,0,TTTTCACG,0.4322764277458191,0.40591010004281997,0,tfbind8
smw,6,48,0,ACTAAAGA,0.4118253290653229,0.4042537981271744,0,tfbind8
smw,10,52,0,TTGTAAAA,0.39820846915245056,0.38291716562816874,0,tfbind8
smw,10,52,2,TCGTAAAA,0.6719993352890015,0.3900747804483399,1,tfbind8
smw,10,52,5,TCGTAAGA,0.43180224299430847,0.4059688450396061,1,tfbind8
smw,7,49,0,CGCCGAAC,0.34692615270614624,0.31841833915561435,0,tfbind8
smw,7,49,1,CACCGAAC,0.3637178838253021,0.34560646960046143,1,tfbind8
smw,7,49,2,CACCGATC,0.7235599756240845,0.3517618416249752,2,tfbind8
smw,7,49,3,CACCGATA,0.8311548829078674,0.3811433622310869,1,tfbind8
smw,7,49,4,CATCGATA,0.8720158338546753,0.38297458060085776,2,tfbind8
smw,7,49,5,CATCGACA,0.5267904996871948,0.3983572123944759,1,tfbind8
smw,5,47,0,GCATGTTA,0.4204943776130676,0.4020631521195173,0,tfbind8
smw,5,47,3,ACATGTTA,0.5583536028862,0.40210649073123933,1,tfbind8
smw,5,47,4,ACAGGTTA,0.48979508876800537,0.4093683744966984,1,tfbind8
smw,5,47,4,TCATGTTA,0.5851028561592102,0.4119955810904503,1,tfbind8
smw,5,47,6,TCATGTTT,0.717715322971344,0.4222618828713894,1,tfbind8
smw,2,44,0,ATTAGATT,0.3839731216430664,0.38005520313978197,0,tfbind8
smw,2,44,1,ATTAGATG,0.6822351813316345,0.3986366641521454,1,tfbind8
smw,2,44,2,ACTAGATG,0.6170473694801331,0.40069934852421285,1,tfbind8
smw,2,44,2,ATTAGAGG,0.5702593326568604,0.40367758587002756,2,tfbind8
smw,2,44,3,ATTAGAGA,0.6011524200439453,0.4051776590943337,2,tfbind8
smw,2,44,4,ATAAGAGA,0.7273017764091492,0.4069870239496231,2,tfbind8
smw,2,44,5,TTAAGAGA,0.6168102622032166,0.40717014282941816,1,tfbind8
smw,2,44,6,TTAAGAGG,0.49805179238319397,0.4126163240522146,1,tfbind8
smw,2,44,8,ATAAGAGG,0.5848967432975769,0.4128442873060703,1,tfbind8
